Company Name,Sector
Talbros Auto,Automotive
Shivam Auto,Automotive
Munjal Auto Ind,Automotive
Sundaram Brake,Automotive
SML Isuzu,Automotive
TVS Srichakra,Automotive
Suprajit Eng,Automotive
UCAL Fuel,Automotive
Autoline Ind,Automotive
Precision Camsh,Automotive
Setco Auto,Automotive
JMT Auto,Automotive
PAE,Automotive
Pavna Ind,Automotive
India Nippon,Automotive
PTL Enterprises,Automotive
Amara Raja Batt,Automotive
Wheels,Automotive
Balkrishna Ind,Automotive
Apollo Tyres,Automotive
M&M,Automotive
Sharda Motor,Automotive
Bosch,Automotive
Ceat,Automotive
WABCO India,Automotive
Elgi Rubber,Automotive
Escorts,Automotive
PPAP Automotive,Automotive
Jamna Auto,Automotive
Force Motors,Automotive
Sundaram-Clayto,Automotive
Endurance Techn,Automotive
Hero Motocorp,Automotive
Bajaj Auto,Automotive
Hind Motors,Automotive
Eicher Motors,Automotive
Maruti Suzuki,Automotive
Exide Ind,Automotive
MRF,Automotive
FIEM Ind,Automotive
Banco Products,Automotive
Rane Holdings,Automotive
Hind Composites,Automotive
HMT,Automotive
Minda Corp,Automotive
Lumax Inds,Automotive
Rico Auto,Automotive
Minda Ind,Automotive
Bharat Gears,Automotive
Steel Str Wheel,Automotive
TVS Motor,Automotive
Ndr Auto Compon,Automotive
Sandhar Technol,Automotive
Automotive Axle,Automotive
Motherson Sumi,Automotive
JK Tyre & Ind,Automotive
Gabriel India,Automotive
Subros,Automotive
Federal-Mogul,Automotive
Shriram Pistons,Automotive
JTEKT India,Automotive
Mah Scooters,Automotive
Ashok Leyland,Automotive
The Hi-Tech Gea,Automotive
Lumax Auto Tech,Automotive
Munjal Showa,Automotive
Tata Motors,Automotive
JBM Auto,Automotive
Omax Autos,Automotive
Rane Brake,Automotive
VST Tillers,Automotive
Rane Engine,Automotive
Atul Auto,Automotive
Rane Madras,Automotive
Pricol,Automotive
Remsons Ind,Automotive
Jay BharatMarut,Automotive
Auto Stampings,Automotive
Consol Finvest,Banking/Finance
Palash Securiti,Banking/Finance
Inventure Grow,Banking/Finance
REC,Banking/Finance
McDowell Hold,Banking/Finance
Arihant Super,Banking/Finance
Mask Investment,Banking/Finance
Rel Capital,Banking/Finance
Urja Global,Banking/Finance
Transwarranty,Banking/Finance
Onelife Capital,Banking/Finance
Centrum Capital,Banking/Finance
Viji Finance,Banking/Finance
Kanani Ind,Banking/Finance
Indiabulls Hsg,Banking/Finance
Reliance Home F,Banking/Finance
Lakshmi Finance,Banking/Finance
Power Finance,Banking/Finance
Coral India Fin,Banking/Finance
Prime Sec,Banking/Finance
Motor and Gen F,Banking/Finance
BF Investment,Banking/Finance
Wealth First Po,Banking/Finance
21st Cen Mgt,Banking/Finance
Alankit,Banking/Finance
VLS Finance,Banking/Finance
EBIXCASH WORLD,Banking/Finance
Signet Ind,Banking/Finance
MOSt M100 ETF,Banking/Finance
CPSE ETF,Banking/Finance
IDFC First Bank,Banking/Finance
Maha Rasht Apex,Banking/Finance
Khandwala Sec,Banking/Finance
Industrial Inv,Banking/Finance
MAS Financial S,Banking/Finance
Tata Inv Corp,Banking/Finance
Bandhan Bank,Banking/Finance
Sundaram Fin,Banking/Finance
Magma Fincorp,Banking/Finance
Bank of Baroda,Banking/Finance
Visagar Polytex,Banking/Finance
Equitas Holding,Banking/Finance
Motilal Oswal,Banking/Finance
NBI Industrial,Banking/Finance
Nahar Capital,Banking/Finance
HDFC Bank,Banking/Finance
MOSt NASDAQ 100,Banking/Finance
Bajaj Holdings,Banking/Finance
Arman Financial,Banking/Finance
Summit Sec,Banking/Finance
Indian Bank,Banking/Finance
Paisalo Digital,Banking/Finance
HDFC,Banking/Finance
ICICI Prudentia,Banking/Finance
Birla Nifty ETF,Banking/Finance
Kotak Nifty ETF,Banking/Finance
JSW Holdings,Banking/Finance
Kotak Mahindra,Banking/Finance
Ganges Securiti,Banking/Finance
City Union Bank,Banking/Finance
Bank of Mah,Banking/Finance
MOSt M50 ETF,Banking/Finance
IPRU NF100 ETF,Banking/Finance
Hb Stockhol,Banking/Finance
Karnataka Bank,Banking/Finance
Indo Thai Secu,Banking/Finance
Edelweiss EQ30,Banking/Finance
Nippon ETF Ha,Banking/Finance
Keynote Finance,Banking/Finance
ICICI Bank,Banking/Finance
Union Bank,Banking/Finance
JK Bank,Banking/Finance
Repco Home,Banking/Finance
CDSL,Banking/Finance
Ujjivan Financi,Banking/Finance
Reliance ETF,Banking/Finance
AU Small Financ,Banking/Finance
Welspun Invest,Banking/Finance
Capri Global,Banking/Finance
Future Consumer,Banking/Finance
RBL Bank,Banking/Finance
HDFC AMC,Banking/Finance
Axis Bank,Banking/Finance
Kalyani Invest,Banking/Finance
LIC Housing Fin,Banking/Finance
IDFC,Banking/Finance
SBI,Banking/Finance
Canara Bank,Banking/Finance
Bajaj Finance,Banking/Finance
Bajaj Finserv,Banking/Finance
Delta Corp,Banking/Finance
Muthoot Finance,Banking/Finance
L&T Finance,Banking/Finance
IndusInd Bank,Banking/Finance
Muthoot Cap,Banking/Finance
ILandFS,Banking/Finance
DCB Bank,Banking/Finance
Shriram City,Banking/Finance
IDBI Bank,Banking/Finance
Karur Vysya,Banking/Finance
Hexa Tradex,Banking/Finance
Dolat Investmen,Banking/Finance
Punjab & Sind,Banking/Finance
Federal Bank,Banking/Finance
Dhanlaxmi Bank,Banking/Finance
Nalwa Sons,Banking/Finance
PNB,Banking/Finance
The Investment,Banking/Finance
BLB,Banking/Finance
UCO Bank,Banking/Finance
Manappuram Fin,Banking/Finance
Bank of India,Banking/Finance
SREI Infra,Banking/Finance
Apollo Pipes,Banking/Finance
Capital Trust,Banking/Finance
Crest Ventures,Banking/Finance
Can Fin Homes,Banking/Finance
JM Financial,Banking/Finance
Chola Invest.,Banking/Finance
South Ind Bk,Banking/Finance
Williamson Mago,Banking/Finance
PTC India Fin,Banking/Finance
AAVAS Financier,Banking/Finance
IFCI,Banking/Finance
Geojit Fin,Banking/Finance
Indbank Merchan,Banking/Finance
STEL Holdings,Banking/Finance
DB (Int) Stock,Banking/Finance
Shriram Trans,Banking/Finance
Tourism Finance,Banking/Finance
Sundaram,Banking/Finance
AB Money,Banking/Finance
Dhunseri Invest,Banking/Finance
PNB Gilts,Banking/Finance
Network 18,Banking/Finance
Yes Bank,Banking/Finance
Emkay Global,Banking/Finance
GIC Housing Fin,Banking/Finance
CreditAccess Gr,Banking/Finance
Pilani Invest,Banking/Finance
Indostar Capita,Banking/Finance
Dhani Services,Banking/Finance
Edelweiss,Banking/Finance
Almondz Global,Banking/Finance
Sasta Sundar,Banking/Finance
PNB Housing Fin,Banking/Finance
IIFL Finance,Banking/Finance
Times Guaranty,Banking/Finance
Central Bank,Banking/Finance
IOB,Banking/Finance
Religare Enterp,Banking/Finance
Dewan Housing,Banking/Finance
Ramky Infra,Cement/Construction
Noida Toll,Cement/Construction
Madhucon Proj,Cement/Construction
Ashoka Buildcon,Cement/Construction
ILandFS Engg,Cement/Construction
SPML Infra,Cement/Construction
Setubandhan Inf,Cement/Construction
MBL Infra,Cement/Construction
Andhra Cement,Cement/Construction
PBA Infra,Cement/Construction
Visaka Ind,Cement/Construction
Asian Granito,Cement/Construction
C & C Construct,Cement/Construction
Hind Constr,Cement/Construction
Gammon Infra,Cement/Construction
JK Lakshmi Cem,Cement/Construction
Rajdarshan Ind,Cement/Construction
Karda Construct,Cement/Construction
Tantia Const,Cement/Construction
RPP Infra Proj,Cement/Construction
Mahindra Life,Cement/Construction
ITD Cementation,Cement/Construction
Birla Corp,Cement/Construction
Cera Sanitary,Cement/Construction
ARSS Infra,Cement/Construction
J Kumar Infra,Cement/Construction
IRB InvIT,Cement/Construction
Nitco,Cement/Construction
Murudeshwar Cer,Cement/Construction
BL Kashyap,Cement/Construction
Indian Hume,Cement/Construction
Kajaria Ceramic,Cement/Construction
NCC,Cement/Construction
Somany Ceramics,Cement/Construction
Ramcoind,Cement/Construction
J. K. Cement,Cement/Construction
Anjani Cement,Cement/Construction
Vesuvius India,Cement/Construction
Mangalam Cement,Cement/Construction
GPT Infra,Cement/Construction
PSP Projects,Cement/Construction
Ahluwalia,Cement/Construction
UltraTechCement,Cement/Construction
HIL,Cement/Construction
Barak Vally Cem,Cement/Construction
Everest Ind,Cement/Construction
NCL Industries,Cement/Construction
Heidelberg Cem,Cement/Construction
India Cements,Cement/Construction
Gayatri Project,Cement/Construction
KNR Construct,Cement/Construction
Capacite Infra,Cement/Construction
Ambuja Cements,Cement/Construction
Shree Digvijay,Cement/Construction
Prism Johnson,Cement/Construction
Orient Refract,Cement/Construction
ACC,Cement/Construction
IFGL Refractory,Cement/Construction
Shree Cements,Cement/Construction
Simplex Infra,Cement/Construction
HSIL,Cement/Construction
Tarmat,Cement/Construction
Dilip Buildcon,Cement/Construction
Deccan Cements,Cement/Construction
Univastu India,Cement/Construction
Ramco Cements,Cement/Construction
JMC Projects,Cement/Construction
Man Infra,Cement/Construction
Sagar Cement,Cement/Construction
Bigbloc Constru,Cement/Construction
Welspun Enter,Cement/Construction
Orient Bell,Cement/Construction
Oriental Trimex,Cement/Construction
Guj Sidhee Cem,Cement/Construction
Patel Eng,Cement/Construction
Rain Industries,Cement/Construction
Madhav Marbles,Cement/Construction
Star Cement,Cement/Construction
Kakatiya Cement,Cement/Construction
Pokarna,Cement/Construction
Unitech,Cement/Construction
Aro Granite,Cement/Construction
Orient Cement,Cement/Construction
KCP,Cement/Construction
Sanghi Ind,Cement/Construction
CCCL,Cement/Construction
Khaitan Chemica,Chemicals
Vikas Ecotech,Chemicals
Fairchem Org.,Chemicals
Oswal ChemandFe,Chemicals
Nacl Industries,Chemicals
Zuari Global,Chemicals
Zuari Agro Chem,Chemicals
Insecticides,Chemicals
Ambani Organics,Chemicals
Par Drugs,Chemicals
Vadivarhe Speci,Chemicals
Shreeoswal Seed,Chemicals
Jiya Eco,Chemicals
Rallis India,Chemicals
NFL,Chemicals
Camlin Fine,Chemicals
Aarti Ind,Chemicals
Chemfab Alkalis,Chemicals
Punjab Chemical,Chemicals
Thirumalai Chem,Chemicals
Deepak Fert,Chemicals
GSFC,Chemicals
Standard Ind,Chemicals
Indigo Paints,Chemicals
Mahickra Chemic,Chemicals
Guj Alkali,Chemicals
Supreme Petro,Chemicals
Asian Paints,Chemicals
Alkali Metals,Chemicals
Bodal Chemicals,Chemicals
Panama Petro,Chemicals
Oriental Carbon,Chemicals
Vishnu Chemical,Chemicals
Solar Ind,Chemicals
Clariant Chem,Chemicals
Heranba,Chemicals
Pidilite Ind,Chemicals
Sudarshan Chem,Chemicals
Premier Explo,Chemicals
Sharda Crop,Chemicals
Sirca Paints,Chemicals
Bayer CropScien,Chemicals
Guj Heavy Chem,Chemicals
Dynemic Product,Chemicals
Fineotex Chem,Chemicals
BASF,Chemicals
Kansai Nerolac,Chemicals
Alkyl Amines,Chemicals
PI Industries,Chemicals
Akzo Nobel,Chemicals
Poddar Pigments,Chemicals
Berger Paints,Chemicals
Rashtriya Chem,Chemicals
Fert and Chem,Chemicals
Refex Ind,Chemicals
IG Petro,Chemicals
DCW,Chemicals
Tata Chemicals,Chemicals
Tamilnadu Petro,Chemicals
Hindcon Chemica,Chemicals
Aarti Surfactan,Chemicals
Coromandel Int,Chemicals
UPL,Chemicals
Privi Special,Chemicals
Chambal Fert,Chemicals
ORIENTAL AROMAT,Chemicals
Kanoria Chem,Chemicals
Linde India,Chemicals
Himadri Special,Chemicals
Balaji Amines,Chemicals
Madras Fert,Chemicals
Dhanuka Agritec,Chemicals
Kiri Industries,Chemicals
Bharat Rasayan,Chemicals
SPIC,Chemicals
Sree Rayalaseem,Chemicals
Anupam Rasayan,Chemicals
INEOS Styro,Chemicals
GP Petroleums,Chemicals
Finolex Ind,Chemicals
Asahi Songwon,Chemicals
Laxmi Organic,Chemicals
Foseco India,Chemicals
NOCIL,Chemicals
Seya Industries,Chemicals
Gulshan Poly,Chemicals
Navin Fluorine,Chemicals
India Glycols,Chemicals
Bhansali Eng,Chemicals
Rossari,Chemicals
GNFC,Chemicals
Nagarjuna Fert,Chemicals
Mangalore Chem,Chemicals
Gulf Oil Lubric,Chemicals
Castrol,Chemicals
Excel,Chemicals
Sanginita Chemi,Chemicals
AksharChem,Chemicals
IFB Agro,Chemicals
Savita Oil Tech,Chemicals
Deepak Nitrite,Chemicals
Vinati Organics,Chemicals
Neogen,Chemicals
Vinyl Chemicals,Chemicals
Shree Pushkar,Chemicals
Chembond Chem,Chemicals
Valiant Organic,Chemicals
Tide Water Oil,Chemicals
Shalimar Paints,Chemicals
Agri-Tech,Chemicals
Vidhi Spec,Chemicals
Phillips Carbon,Chemicals
GFL,Chemicals
Chemcon Special,Chemicals
GOCL Corp,Chemicals
Manali Petro,Chemicals
Goa Carbon,Chemicals
Bhageria Indu,Chemicals
Gokul Agro,Chemicals
Jayant Agro-Org,Chemicals
Vikas WSP,Chemicals
South West Pinn,Conglomerates
Sintex Ind,Conglomerates
Husys Consultin,Conglomerates
Crown Lifters,Conglomerates
AKG Exim,Conglomerates
R M Drip & Spri,Conglomerates
SBI Life Insura,Conglomerates
Tirupati Forge,Conglomerates
Mahindra Logist,Conglomerates
Agro Phos India,Conglomerates
Madhya Bharat A,Conglomerates
ICICI Lombard,Conglomerates
Shree Ram Proti,Conglomerates
Orient Paper,Conglomerates
Reliable Data S,Conglomerates
Aarvi Encon,Conglomerates
Grasim,Conglomerates
SHAREINDIA,Conglomerates
Aster DM Health,Conglomerates
RITES,Conglomerates
Century,Conglomerates
General Insuran,Conglomerates
Nava Bharat Ven,Conglomerates
3M India,Conglomerates
Hindustan Aeron,Conglomerates
Voltas,Conglomerates
Prakash Ind,Conglomerates
NESCO,Conglomerates
Marine Electric,Conglomerates
Kesoram,Conglomerates
IEX,Conglomerates
Jash Engineerin,Conglomerates
Kokuyo Camlin,Conglomerates
Bombay Dyeing,Conglomerates
DCM Shriram,Conglomerates
Mohini Health &,Conglomerates
Bajaj Electric,Cons Durable
TTK Prestige,Cons Durable
Symphony,Cons Durable
Blue Star,Cons Durable
Whirlpool,Cons Durable
IFB Industries,Cons Durable
Butterfly,Cons Durable
Sanwaria Consum,Cons Non-Durable
Videocon Ind,Cons Non-Durable
Indo-National,Cons Non-Durable
Jindal Photo,Cons Non-Durable
Bhartiya Inter,Cons Non-Durable
P and G,Cons Non-Durable
Relaxo Footwear,Cons Non-Durable
Dabur India,Cons Non-Durable
Godrej Ind,Cons Non-Durable
Colgate,Cons Non-Durable
HUL,Cons Non-Durable
Marico,Cons Non-Durable
Godrej Consumer,Cons Non-Durable
Bata India,Cons Non-Durable
Geekay Wires,Cons Non-Durable
Gillette India,Cons Non-Durable
D P Wires,Cons Non-Durable
Sreeleathers,Cons Non-Durable
Mirc Electronic,Cons Non-Durable
Jyothy Labs,Cons Non-Durable
Khadim India,Cons Non-Durable
Emami,Cons Non-Durable
JHS Svendgaard,Cons Non-Durable
Liberty Shoes,Cons Non-Durable
Mirza Intl,Cons Non-Durable
Superhouse,Cons Non-Durable
BPL,Cons Non-Durable
PG Electroplast,Cons Non-Durable
Eveready Ind,Cons Non-Durable
Jaiprakash Asso,Engineering
Voltamp Trans,Engineering
Manugraph Ind,Engineering
Ujaas Energy,Engineering
B C Power Contr,Engineering
Indo Tech Trans,Engineering
Ahlada Engineer,Engineering
Veto Switch,Engineering
United Drilling,Engineering
Macpower,Engineering
WS Industries,Engineering
Lokesh Machines,Engineering
Diamond Power,Engineering
Emco,Engineering
A B Infrabuild,Engineering
Punj Lloyd,Engineering
BGR Energy,Engineering
IRB Infra,Engineering
SKIL Infra,Engineering
ILandFS Trans,Engineering
Igarashi Motors,Engineering
Jaypee Infra,Engineering
Easun Reyrl,Engineering
Jyoti Structure,Engineering
A2Z Infra Eng,Engineering
Suzlon Energy,Engineering
Bharat Wire Rop,Engineering
Commercial Eng,Engineering
Swelect Energy,Engineering
Hercules Hoists,Engineering
Tarapur Trans,Engineering
Elecon Eng,Engineering
Bharat Bijlee,Engineering
Indian Card,Engineering
SKF India,Engineering
Transformers,Engineering
Quess Corp,Engineering
Shanthi Gears,Engineering
Cummins,Engineering
KEI Industries,Engineering
Shriram EPC,Engineering
Windsor,Engineering
ANI Integrated,Engineering
Aakash Explorat,Engineering
Ganga Forging,Engineering
Kirloskar Bros,Engineering
Thermax,Engineering
TRF,Engineering
Polycab,Engineering
Schaeffler Ind,Engineering
Gujarat Apollo,Engineering
Elgi Equipments,Engineering
Nitiraj Enginee,Engineering
NRB Industrial,Engineering
Texmaco Infra,Engineering
Eimco Elecon,Engineering
MEP Infra,Engineering
Supreme Enginee,Engineering
Texmaco Rail,Engineering
Electrotherm,Engineering
GE T&D India,Engineering
Walchandnagar,Engineering
Salzer Electro,Engineering
Grindwell Norto,Engineering
Dynamatic Tech,Engineering
Timken,Engineering
Wendt,Engineering
Lakshmi Machine,Engineering
Kennametal,Engineering
BEML,Engineering
Swaraj Engines,Engineering
GMR Infra,Engineering
Havells India,Engineering
Kalpataru Power,Engineering
Ingersoll Rand,Engineering
Power Mech,Engineering
Ircon Internati,Engineering
BHEL,Engineering
AIA Engineering,Engineering
Siemens,Engineering
Esab India,Engineering
Revathi CP,Engineering
Salasar Techno,Engineering
Greaves Cotton,Engineering
Bharat Road Net,Engineering
Carborundum,Engineering
HBL Power,Engineering
Larsen,Engineering
GMM Pfaudler,Engineering
Honda India PP,Engineering
Graphite India,Engineering
KEC Intl,Engineering
Thejo Engg,Engineering
Kirl Electric,Engineering
Orient Abrasive,Engineering
Manaksia Coated,Engineering
KSB Pumps,Engineering
HEG,Engineering
Menon Bearings,Engineering
Adani Ports,Engineering
TIL,Engineering
NRB Bearings,Engineering
Kirloskar Ind,Engineering
IMP Powers,Engineering
Triveni Turbine,Engineering
Kirloskar Oil,Engineering
HG Infra Engg,Engineering
Praj Industries,Engineering
Mazda,Engineering
Varroc Engineer,Engineering
Kabra Extrusion,Engineering
GE Power India,Engineering
Mcnally Bh Engg,Engineering
Garden Reach Sh,Engineering
Va Tech Wabag,Engineering
Shakti Pumps,Engineering
Action Const,Engineering
TD Power System,Engineering
NBCC (India),Engineering
HPL Electric &,Engineering
Titagarh Wagons,Engineering
Sadbhav Infra,Engineering
LG Balakrishnan,Engineering
Sanghvi Movers,Engineering
Transwind Infra,Engineering
Sadbhav Engg,Engineering
Pitti Engineeri,Engineering
Rel Ind Infra,Engineering
Universal Cable,Engineering
CG Power,Engineering
EngineersInd,Engineering
Bright Solar,Engineering
OM Infra,Engineering
Marshall Machin,Engineering
Cords Cable Ind,Engineering
De Nora India,Engineering
Ador Welding,Engineering
Dharani Sugars,Food & Beverage
Shree Renuka,Food & Beverage
IVP,Food & Beverage
KM Sugar Mills,Food & Beverage
Harrisons Malay,Food & Beverage
Simbhaoli Sugar,Food & Beverage
Bajaj Hindustha,Food & Beverage
Mawana Sugars,Food & Beverage
BCL Industries,Food & Beverage
Sakthi Sugars,Food & Beverage
Varun Beverages,Food & Beverage
CCL Products,Food & Beverage
Rossell India,Food & Beverage
Som Distillerie,Food & Beverage
Peria Karamalai,Food & Beverage
Ugar Sugar Work,Food & Beverage
Rajshree Sugars,Food & Beverage
Sarveshwar Food,Food & Beverage
Tata Coffee,Food & Beverage
GM Breweries,Food & Beverage
Nestle,Food & Beverage
United Nilgiri,Food & Beverage
Triveni Engg,Food & Beverage
Balrampur Chini,Food & Beverage
Dwarikesh Sugar,Food & Beverage
Naga Dhunseri,Food & Beverage
Dalmia Sugar,Food & Beverage
Dangee Dums,Food & Beverage
Hatsun Agro,Food & Beverage
United Brewerie,Food & Beverage
Zydus Wellness,Food & Beverage
Tasty Bite,Food & Beverage
Hindustan Foods,Food & Beverage
KCP Sugar,Food & Beverage
Britannia,Food & Beverage
Rana Sugars,Food & Beverage
Prataap Snacks,Food & Beverage
TATA Cons. Prod,Food & Beverage
The Grob Tea,Food & Beverage
United Spirits,Food & Beverage
Uttam Sugar,Food & Beverage
Parag Milk Food,Food & Beverage
LT Foods,Food & Beverage
Tilaknagar Ind,Food & Beverage
Ponni Sugars(E),Food & Beverage
Apex Frozen,Food & Beverage
Umang Dairies,Food & Beverage
Andhra Sugar,Food & Beverage
Vadilal Ind,Food & Beverage
Bombay Burmah,Food & Beverage
Dhunseri Tea,Food & Beverage
Gillanders Arbu,Food & Beverage
Magadh Sugar,Food & Beverage
Pioneer Distill,Food & Beverage
Jayshree Tea,Food & Beverage
Avadh Sugar,Food & Beverage
Globus Spirits,Food & Beverage
Dhampur Sugar,Food & Beverage
ADF Foods,Food & Beverage
KRBL,Food & Beverage
Chaman Lal Seti,Food & Beverage
Radico Khaitan,Food & Beverage
Dhunseri Ventur,Food & Beverage
Coffee Day,Food & Beverage
EID Parry,Food & Beverage
SKM Egg Product,Food & Beverage
ISGEC Heavy Eng,Food & Beverage
Vikas Proppant,Food & Beverage
Bannariamman,Food & Beverage
Ravi Kumar Dist,Food & Beverage
Mcleod,Food & Beverage
Kothari Sugars,Food & Beverage
Heritage Foods,Food & Beverage
Nippon ETF Gold,Gold ETF
IPRU Gold ETF,Gold ETF
Kotak MF-GETF,Gold ETF
HDFC Gold ETF,Gold ETF
SBI Gold ETF,Gold ETF
Invesco G-ETF,Gold ETF
Compucom Soft,Technology
California Soft,Technology
Dynacons Sys,Technology
HCL Info,Technology
Majesco,Technology
Brightcom Group,Technology
Goldstone Tech,Technology
Zen Tech,Technology
Intrasoft Tech,Technology
AXISCADES Techn,Technology
Innovana,Technology
E2E Networks,Technology
Cadsys India,Technology
Educomp Sol,Technology
Kernex Micro,Technology
Excel Realty,Technology
Proseed India,Technology
FCS Software,Technology
R Systems Intl,Technology
HOV Services,Technology
Firstsource Sol,Technology
MT Educare,Technology
Expleo Solution,Technology
Melstar Info,Technology
aurionPro Sol,Technology
Securekloud Tec,Technology
Datamatics Glob,Technology
Mastek,Technology
Genesys Int,Technology
Saksoft,Technology
Zensar Tech,Technology
Redington,Technology
Usha Martin Edu,Technology
Kellton Tech,Technology
COFORGE LTD.,Technology
WE WIN,Technology
Intense Tech,Technology
Birlasoft,Technology
Onward Tech,Technology
HCL Tech,Technology
ALLSEC Tech,Technology
Quick Heal Tech,Technology
Infosys,Technology
Nucleus Softwar,Technology
TCS,Technology
LCC Infotech,Technology
Tree House,Technology
Softtech Engine,Technology
Trigyn Tech,Technology
Inspirisys Solu,Technology
Zee Learn,Technology
63 Moons Tech,Technology
Keerti Knowledg,Technology
Nxtdigital,Technology
Tech Mahindra,Technology
Cyient,Technology
RS Software,Technology
Sasken Tech,Technology
MphasiS,Technology
TVS Electronics,Technology
IZMO,Technology
AGC Networks,Technology
Cerebra Int,Technology
Tata Elxsi,Technology
Mindtree,Technology
Xchanging Sol,Technology
Tera Software,Technology
Persistent,Technology
Hinduja Global,Technology
Silver Touch Te,Technology
Xelpmoc Design,Technology
Wipro,Technology
Allied Digital,Technology
Cambridge Tech,Technology
Megasoft,Technology
L&T Infotech,Technology
L&T Technology,Technology
3i Infotech,Technology
Subex,Technology
Smartlink Net,Technology
Ramco System,Technology
Sonata,Technology
Oracle Fin Serv,Technology
Newgen Software,Technology
OnMobile Global,Technology
eClerx Services,Technology
InfoBeans Tech,Technology
Intellect Desig,Technology
Accelya Kale,Technology
Cigniti Tech,Technology
Rolta,Technology
Career Point,Technology
Mindteck,Technology
GSS Infotech,Technology
Compuage Info,Technology
Vakrangee,Technology
Cybertech,Technology
Ducon Infratech,Technology
Digispice Tech,Technology
Tanla Platforms,Technology
Aptech,Technology
NIIT,Technology
Palred Tech,Technology
Raj Rayon Ind,Manufacturing
Worth Periphera,Manufacturing
Rajshree Polypa,Manufacturing
Polyplex Corp,Manufacturing
Vardhman Poly,Manufacturing
Soma Textile,Manufacturing
Responsive Ind,Manufacturing
MM Forgings,Manufacturing
Jindal PolyFilm,Manufacturing
Jakharia Fabric,Manufacturing
Cosmo Films,Manufacturing
Ruchira Papers,Manufacturing
Ester Ind,Manufacturing
Spentex Ind,Manufacturing
Delta,Manufacturing
Globe Textiles,Manufacturing
Jet Knitwears,Manufacturing
Sumeet Ind,Manufacturing
Mohit Ind,Manufacturing
Guj Raffia Ind,Manufacturing
Ausom Enterp,Manufacturing
Patspin India,Manufacturing
Metalyst Forgin,Manufacturing
LGB Forge,Manufacturing
Arrow Greentech,Manufacturing
Alps Industries,Manufacturing
Sintex Plastics,Manufacturing
CG Consumer,Manufacturing
Uflex,Manufacturing
Vinny Overseas,Manufacturing
Jayaswal Neco,Manufacturing
Lakshmi Prec,Manufacturing
Genus Paper,Manufacturing
Arvind,Manufacturing
Pudumjee Paper,Manufacturing
Radha Madhav,Manufacturing
Jain Irrigation,Manufacturing
Ballarpur Ind,Manufacturing
Max Ventures an,Manufacturing
JK Paper,Manufacturing
Super Spinning,Manufacturing
Nahar Spinning,Manufacturing
Precot,Manufacturing
Brand Concepts,Manufacturing
Pil Italica,Manufacturing
Rollatainers,Manufacturing
Astron Paper &,Manufacturing
Ambika Cotton,Manufacturing
Lux Industries,Manufacturing
West Coast Pap,Manufacturing
Vardhman Text,Manufacturing
Mayur Uniquoter,Manufacturing
Monte Carlo,Manufacturing
Emami Paper,Manufacturing
Eastern Silk,Manufacturing
Bannari A Spg,Manufacturing
Nitin Spinners,Manufacturing
HLE Glascoat,Manufacturing
STL Global,Manufacturing
Astral Ltd,Manufacturing
Weizmann,Manufacturing
Sundram,Manufacturing
Celebrity Fash,Manufacturing
Premier Polyfil,Manufacturing
Andhra Paper,Manufacturing
RamkrishnaForge,Manufacturing
Pearl Global In,Manufacturing
Hilton Metal,Manufacturing
Hind Rectifiers,Manufacturing
Zenithexpo,Manufacturing
Kalyani Forge,Manufacturing
Nahar Poly Film,Manufacturing
Filatex India,Manufacturing
Asahi India,Manufacturing
Vardhman Hold,Manufacturing
Shree Rama News,Manufacturing
Tamil Newsprint,Manufacturing
Bharat Forge,Manufacturing
Flexituff Ventu,Manufacturing
SRF,Manufacturing
TCNS Clothing C,Manufacturing
Ashima,Manufacturing
Welspun India,Manufacturing
EPL,Manufacturing
Kanpur Plast,Manufacturing
Electrosteel,Manufacturing
Malu Paper,Manufacturing
Donear Ind,Manufacturing
Dixon Technolog,Manufacturing
Banswara Syntex,Manufacturing
Pearl Polymers,Manufacturing
Genus Power,Manufacturing
Magnum Ventures,Manufacturing
Poddar Housing,Manufacturing
Kitex Garments,Manufacturing
Nagreeka Export,Manufacturing
Dollar Ind,Manufacturing
Tokyo Plast,Manufacturing
Shri Rama Multi,Manufacturing
Supreme Ind,Manufacturing
Time Techno,Manufacturing
Nandan Denim,Manufacturing
Damodar Ind,Manufacturing
Star Paper,Manufacturing
DCM,Manufacturing
Alok Industries,Manufacturing
SPL Industries,Manufacturing
B&B Triplewall,Manufacturing
Mold-Tek Pack,Manufacturing
Rupa and Comp,Manufacturing
Bharat Elec,Manufacturing
Centum Electron,Manufacturing
Trident,Manufacturing
Oricon Ent,Manufacturing
Nelcast,Manufacturing
SIL Invest,Manufacturing
Nandani Creatio,Manufacturing
NR Agarwal,Manufacturing
Morarjee Text,Manufacturing
Sintercom India,Manufacturing
TT,Manufacturing
Bhandari Hosier,Manufacturing
Max Financial,Manufacturing
Alicon Castallo,Manufacturing
Vardhman Acryli,Manufacturing
Tainwala Chem,Manufacturing
Ganesha Ecosph,Manufacturing
Bang Overseas,Manufacturing
Hitech Corp,Manufacturing
Emmbi Ind,Manufacturing
Aarvee Denim,Manufacturing
KPR Mill,Manufacturing
Tijaria Polypip,Manufacturing
Everest Kanto,Manufacturing
La Opala RG,Manufacturing
Huhtamaki India,Manufacturing
Nilkamal,Manufacturing
Plastiblends,Manufacturing
Century Enka,Manufacturing
Orbit Exports,Manufacturing
Gokaldas Export,Manufacturing
Seshasayee Pape,Manufacturing
Suryalakshmi Co,Manufacturing
Garware Technic,Manufacturing
GKW,Manufacturing
Sterling Tools,Manufacturing
Siyaram Silk,Manufacturing
Page Industries,Manufacturing
Xpro India,Manufacturing
Shiva Texyarn,Manufacturing
Zodiac Clothing,Manufacturing
Texmo Pipes,Manufacturing
Indo Count,Manufacturing
Himatsingka Sei,Manufacturing
Balmer Lawrie,Manufacturing
Shreyans Ind,Manufacturing
Soril Infra Res,Manufacturing
VIP Industries,Manufacturing
Raymond,Manufacturing
Indian Terrain,Manufacturing
Lovable Lingeri,Manufacturing
Mahindra CIE,Manufacturing
Sutlej Textiles,Manufacturing
Mold Tek Tech,Manufacturing
Borosil,Manufacturing
AMD Industries,Manufacturing
Kingfa Science,Manufacturing
Ruby Mills,Manufacturing
Sangam India,Manufacturing
PDS Multi,Manufacturing
Pudumjee Ind,Manufacturing
TPL Plastech,Manufacturing
Sarla Performan,Manufacturing
RSWM,Manufacturing
Acrysil India,Manufacturing
Thomas Scott,Manufacturing
Pioneer,Manufacturing
Lambodhara Text,Manufacturing
Maral Overseas,Manufacturing
Hind Nat Glass,Manufacturing
AMJ Land,Manufacturing
Nahar Ent,Manufacturing
Indo Rama Synth,Manufacturing
VIP Clothing,Manufacturing
JBF Industries,Manufacturing
Lagnam Spintex,Manufacturing
AYM Syntex,Manufacturing
BSL,Manufacturing
Vishal Fabrics,Manufacturing
Ginni Filaments,Manufacturing
Mohota Ind,Manufacturing
Sanco Ind,Manufacturing
Salona Cotspin,Manufacturing
Bombay Rayon,Manufacturing
Sphere Global,Media
Radaan Media,Media
Mukta Arts,Media
Cinevista,Media
Diligent Media,Media
Ortel Comm,Media
Zee Media,Media
Siti Networks,Media
Sri Adhikari,Media
TV Vision,Media
Pressman Advt,Media
Tips Industries,Media
Hindustan Media,Media
GTPL Hathway,Media
NDTV,Media
SAB Events,Media
Saregama India,Media
Prime Focus,Media
PVR,Media
Ent Network Ind,Media
Silly Monks Ent,Media
Cyber Media,Media
TV TodayNetwork,Media
UFO Moviez,Media
Zee Entertain,Media
Den Networks,Media
Touchwood Enter,Media
Sun TV Network,Media
Jain Studios,Media
Raj Television,Media
INOX Leisure,Media
Hathway Cable,Media
Vertoz Advertis,Media
Shemaroo Ent,Media
TV18 Broadcast,Media
Balaji Telefilm,Media
Music Broadcast,Media
Pritish Nandy,Media
Dish TV,Media
Cineline India,Media
Next Mediaworks,Media
Jump Networks,Media
JagranPrakashan,Media
Eros Intl,Media
HT Media,Media
DB Corp,Media
Splendid Metal,Metals & Mining
Bedmutha Ind,Metals & Mining
Impex FerroTech,Metals & Mining
ISMT,Metals & Mining
Rajnandini Meta,Metals & Mining
Ramsarup Ind,Metals & Mining
Ankit Metal,Metals & Mining
Century Extr,Metals & Mining
Manaksia,Metals & Mining
KIOCL,Metals & Mining
SAIL,Metals & Mining
Visa Steel,Metals & Mining
Gyscoal Alloys,Metals & Mining
Godawari Power,Metals & Mining
Jindal (Hisar),Metals & Mining
Manaksia Steels,Metals & Mining
Hind Copper,Metals & Mining
Welspun Corp,Metals & Mining
NMDC,Metals & Mining
Coal India,Metals & Mining
Tata Steel Long,Metals & Mining
Precision Wires,Metals & Mining
Jindal Stainles,Metals & Mining
Prakash Steelag,Metals & Mining
Jindal Saw,Metals & Mining
APL Apollo,Metals & Mining
Hind Zinc,Metals & Mining
Gallantt Metal,Metals & Mining
Sarda Energy,Metals & Mining
Vaswani Ind,Metals & Mining
Mahamaya Steel,Metals & Mining
Srikalahasthi,Metals & Mining
Sagardeep Alloy,Metals & Mining
Steel Exchange,Metals & Mining
Mukand,Metals & Mining
Tata Steel,Metals & Mining
Jai Balaji Ind,Metals & Mining
Tata Metaliks,Metals & Mining
Jindal Steel,Metals & Mining
Kalyani Steels,Metals & Mining
Vedanta,Metals & Mining
Tinplate,Metals & Mining
Hindalco,Metals & Mining
Manaksia Alumin,Metals & Mining
Pennar Inds,Metals & Mining
Mah Seamless,Metals & Mining
JSW Steel,Metals & Mining
Sunflag Iron,Metals & Mining
Good Luck,Metals & Mining
Incredible Ind,Metals & Mining
Ajmera Realty,Metals & Mining
Usha Martin,Metals & Mining
Guj Mineral,Metals & Mining
Surya Roshni,Metals & Mining
SAL Steel,Metals & Mining
Ratnamani Metal,Metals & Mining
Maithan Alloys,Metals & Mining
MSP Steel,Metals & Mining
Hi-Tech Pipes,Metals & Mining
Maan Aluminium,Metals & Mining
Gandhi Spl Tube,Metals & Mining
Kamdhenu,Metals & Mining
Ashapura Mine,Metals & Mining
Man Industries,Metals & Mining
MOIL,Metals & Mining
NALCO,Metals & Mining
Tata Steel BSL,Metals & Mining
Technocraft Ind,Metals & Mining
Jai Corp,Metals & Mining
Cubex Tubings,Metals & Mining
Gallantt Ispat,Metals & Mining
Uttam Galva,Metals & Mining
Vardhman Steels,Metals & Mining
Indian Metals,Metals & Mining
Orissa Minerals,Metals & Mining
JSW Ispat Speci,Metals & Mining
Hisar Metal,Metals & Mining
Trejhara,Miscellaneous
Archies,Miscellaneous
Skipper,Miscellaneous
Vimta Labs,Miscellaneous
JISL,Miscellaneous
Linc PenandPlas,Miscellaneous
Karma Energy,Miscellaneous
CRISIL,Miscellaneous
RPSG VENTURES,Miscellaneous
ABM Inter,Miscellaneous
TeamLease Ser.,Miscellaneous
Waterbase,Miscellaneous
Arvee Laborator,Miscellaneous
Future Ent DVR,Miscellaneous
Websol Energy,Miscellaneous
Focus Lighting,Miscellaneous
Surana Solar,Miscellaneous
Aurangabad Dist,Miscellaneous
Laxmi Cotspin,Miscellaneous
Jet Freight Log,Miscellaneous
JITF Infralogis,Miscellaneous
Nitin Fire Prot,Miscellaneous
Continental See,Miscellaneous
Techindia Nirm,Miscellaneous
Ruchinfra,Miscellaneous
One Point One S,Miscellaneous
Indosolar,Miscellaneous
Felix Industrie,Miscellaneous
Bartronics,Miscellaneous
S Chand and Co,Miscellaneous
Thomas Cook,Miscellaneous
Sambhaav Media,Miscellaneous
Solex Energy,Miscellaneous
Jocil,Miscellaneous
Prolife Industr,Miscellaneous
Gujarat Fluoro,Miscellaneous
Cox & Kings,Miscellaneous
Sundaram Multi,Miscellaneous
Digicontent,Miscellaneous
MPS,Miscellaneous
ICRA,Miscellaneous
Panache Digilif,Miscellaneous
Maheshwari Logi,Miscellaneous
Matrimony.com,Miscellaneous
Airo Lam,Miscellaneous
Archidply Ind,Miscellaneous
Krishana Phosch,Miscellaneous
BLS Internation,Miscellaneous
SMS Lifescience,Miscellaneous
AB Capital,Miscellaneous
Sheela Foam,Miscellaneous
AMSL,Miscellaneous
Titan Company,Miscellaneous
Lasa Supergener,Miscellaneous
Kridhan Infra,Miscellaneous
KDDL,Miscellaneous
Bombay Super,Miscellaneous
Jubilant Food,Miscellaneous
Steel City Secu,Miscellaneous
Kshitij Polylin,Miscellaneous
Info Edge,Miscellaneous
Greenply Ind,Miscellaneous
Madhav Copper,Miscellaneous
Navneet,Miscellaneous
Bharat Dynamics,Miscellaneous
NK Industries,Miscellaneous
DFM Foods,Miscellaneous
Cupid,Miscellaneous
AVT Natural,Miscellaneous
Mittal Life Sty,Miscellaneous
M K Proteins,Miscellaneous
Sikko Industrie,Miscellaneous
MSTC,Miscellaneous
Rushil Decor,Miscellaneous
Fine Organics,Miscellaneous
Cochin Shipyard,Miscellaneous
Apar Ind,Miscellaneous
Future Market,Miscellaneous
Agro Tech Foods,Miscellaneous
Amber Enterpris,Miscellaneous
Godrej Agrovet,Miscellaneous
CARE Ratings,Miscellaneous
Balaxi Pharma,Miscellaneous
SBI-ETF Nifty,Miscellaneous
GeeCee Ventures,Miscellaneous
Imagicaaworld,Miscellaneous
Global Vectra,Miscellaneous
Greenlam Ind,Miscellaneous
Bharat 22 ETF,Miscellaneous
HDFC Life,Miscellaneous
Bliss GVS,Miscellaneous
TCPL Packaging,Miscellaneous
Gateway Distri,Miscellaneous
Nippon,Miscellaneous
IndiGrid InvIT,Miscellaneous
Moksh Ornaments,Miscellaneous
Satin Credit,Miscellaneous
GRP,Miscellaneous
Indiamart Inter,Miscellaneous
KPIT Tech,Miscellaneous
Rail Vikas,Miscellaneous
Galaxy Surfacta,Miscellaneous
Apollo Micro Sy,Miscellaneous
Syngene Intl,Miscellaneous
Adani Trans,Miscellaneous
Beardsell,Miscellaneous
TAEL,Miscellaneous
Apcotex Ind,Miscellaneous
BSE Limited,Miscellaneous
Chola Fin Hold,Miscellaneous
Wonderla,Miscellaneous
Shyam Century,Miscellaneous
Iris Clothings,Miscellaneous
AFL,Miscellaneous
CL Educate,Miscellaneous
DNL,Miscellaneous
Banaras Beads,Miscellaneous
Infibeam Avenue,Miscellaneous
PPL,Miscellaneous
Orient Press,Miscellaneous
Tara Chand Logi,Miscellaneous
Dalmia Bharat,Miscellaneous
V-Guard Ind,Miscellaneous
North Eastern,Miscellaneous
CenturyPlyboard,Miscellaneous
Raj Oil Mills,Miscellaneous
ICICI Securitie,Miscellaneous
Avanti Feeds,Miscellaneous
Lexus Granito,Miscellaneous
Bhagyanagar Pro,Miscellaneous
MMP Industries,Miscellaneous
Guj Amb Exports,Miscellaneous
D-Link India,Miscellaneous
Gravita India,Miscellaneous
TML-D,Miscellaneous
Aaron Industrie,Miscellaneous
Kapston Facilit,Miscellaneous
S H Kelkar,Miscellaneous
IWML,Miscellaneous
Anik Industries,Miscellaneous
Aspinwall,Miscellaneous
SIS,Miscellaneous
Venkys,Miscellaneous
NSL,Miscellaneous
Shankara Buildi,Miscellaneous
Vikas Life,Miscellaneous
The Western Ind,Miscellaneous
SEL,Miscellaneous
Sandesh,Miscellaneous
ConfidencePetro,Miscellaneous
GIL,Miscellaneous
Somi Conveyor,Miscellaneous
Mishra Dhatu Ni,Miscellaneous
MCX India,Miscellaneous
Adani Total Gas,Miscellaneous
Jubilant Ind,Miscellaneous
ICE Make Refrig,Miscellaneous
Dishman Carboge,Miscellaneous
Libas Consumer,Miscellaneous
Infomedia Press,Miscellaneous
Kaveri Seed,Miscellaneous
SUMITOMO,Miscellaneous
Kalpatarus,Miscellaneous
SHIL,Miscellaneous
Spencer Retail,Miscellaneous
Emkay Taps,Miscellaneous
5paisa Capita,Miscellaneous
New India Assur,Miscellaneous
Mangalam Timber,Miscellaneous
ISL,Miscellaneous
Shrenik,Miscellaneous
Akash Infraproj,Miscellaneous
CMM Infraprojec,Miscellaneous
Vasa Retail and,Miscellaneous
Suumaya Ind.,Miscellaneous
Repro India,Miscellaneous
Banka Bioloo,Miscellaneous
Dredging Corp,Miscellaneous
Gokul Refoils,Miscellaneous
Pulz Electronic,Miscellaneous
DIC India,Miscellaneous
Balkrishna,Miscellaneous
Zodiac Energy,Miscellaneous
SHUBHLAXMI,Miscellaneous
Yaarii Digital,Miscellaneous
Ruchi Soya,Miscellaneous
Bohra Industrie,Miscellaneous
Osia Hyper Reta,Miscellaneous
Creative Periph,Miscellaneous
Just Dial,Miscellaneous
D. P. Abhushan,Miscellaneous
Kaya,Miscellaneous
Aban Offshore,Oil & Gas
Deep Energy Res,Oil & Gas
IGL,Oil & Gas
Selan Explore,Oil & Gas
Mahanagar Gas,Oil & Gas
Oil India,Oil & Gas
Guj State Petro,Oil & Gas
BPCL,Oil & Gas
Gujarat Gas,Oil & Gas
ONGC,Oil & Gas
HPCL,Oil & Gas
HOEC,Oil & Gas
IOC,Oil & Gas
Reliance,Oil & Gas
MRPL,Oil & Gas
Chennai Petro,Oil & Gas
Jindal Drilling,Oil & Gas
GAIL,Oil & Gas
Petronet LNG,Oil & Gas
Country Condos,Pharmaceuticals
Alpa Labs,Pharmaceuticals
Syncom Health,Pharmaceuticals
Caplin Labs,Pharmaceuticals
SMS Pharma,Pharmaceuticals
Kilitch Drugs,Pharmaceuticals
Granules India,Pharmaceuticals
Nectar Life,Pharmaceuticals
Marksans Pharma,Pharmaceuticals
Kopran,Pharmaceuticals
Wockhardt,Pharmaceuticals
Abbott India,Pharmaceuticals
Divis Labs,Pharmaceuticals
RPG Life,Pharmaceuticals
Cipla,Pharmaceuticals
Biocon,Pharmaceuticals
Astec Life,Pharmaceuticals
Dr Lal PathLab,Pharmaceuticals
Cadila Health,Pharmaceuticals
Lincoln Pharma,Pharmaceuticals
Laurus Labs,Pharmaceuticals
Ipca Labs,Pharmaceuticals
Natco Pharma,Pharmaceuticals
TTK Healthcare,Pharmaceuticals
Biofil Chem,Pharmaceuticals
Gufic Bio,Pharmaceuticals
Zota Health Car,Pharmaceuticals
Sanofi India,Pharmaceuticals
Procter&Gamble,Pharmaceuticals
GlaxoSmithKline,Pharmaceuticals
AstraZeneca,Pharmaceuticals
Pfizer,Pharmaceuticals
Mangalam Drugs,Pharmaceuticals
Unichem Labs,Pharmaceuticals
Vaishali Pharma,Pharmaceuticals
Sun Pharma,Pharmaceuticals
FDC,Pharmaceuticals
Glenmark,Pharmaceuticals
Dr Reddys Labs,Pharmaceuticals
Suven Life Sci,Pharmaceuticals
IOL Chemicals,Pharmaceuticals
Aarti Drugs,Pharmaceuticals
Torrent Pharma,Pharmaceuticals
Strides Pharma,Pharmaceuticals
Lupin,Pharmaceuticals
Aurobindo Pharm,Pharmaceuticals
Brooks Labs,Pharmaceuticals
JagsonpalPharma,Pharmaceuticals
Piramal Enter,Pharmaceuticals
Nath Bio-Genes,Pharmaceuticals
Bal Pharma,Pharmaceuticals
Wanbury,Pharmaceuticals
Alembic Pharma,Pharmaceuticals
Sequent Scienti,Pharmaceuticals
Jubilant Pharmo,Pharmaceuticals
Advanced Enzyme,Pharmaceuticals
Hester Bio,Pharmaceuticals
Vivimed Labs,Pharmaceuticals
Alkem Lab,Pharmaceuticals
Beta Drugs,Pharmaceuticals
Ajanta Pharma,Pharmaceuticals
Albert David,Pharmaceuticals
Ind-Swift Labs,Pharmaceuticals
Hikal,Pharmaceuticals
Ortin Labs,Pharmaceuticals
JB Chemicals,Pharmaceuticals
Alembic,Pharmaceuticals
Neuland Lab,Pharmaceuticals
Panacea Biotec,Pharmaceuticals
Themis Medicare,Pharmaceuticals
Bafna Pharma,Pharmaceuticals
Shilpa,Pharmaceuticals
Morepen Lab,Pharmaceuticals
Indoco Remedies,Pharmaceuticals
Venus Remedies,Pharmaceuticals
Sun Pharma Adv,Pharmaceuticals
Lyka Labs,Pharmaceuticals
Krebs Biochem,Pharmaceuticals
Landmark Prop,Retail/Real Estate
Vipul,Retail/Real Estate
Prozone Intu,Retail/Real Estate
Mandhana Retail,Retail/Real Estate
Parsvnath,Retail/Real Estate
Peninsula Land,Retail/Real Estate
Arihant Found,Retail/Real Estate
DB Realty,Retail/Real Estate
Mindspace REIT,Retail/Real Estate
Brookfield REIT,Retail/Real Estate
Ganesh Housing,Retail/Real Estate
Embassy Office,Retail/Real Estate
Ansal Propertie,Retail/Real Estate
HDIL,Retail/Real Estate
Avenue Supermar,Retail/Real Estate
Hubtown,Retail/Real Estate
Sumit Woods,Retail/Real Estate
Godrej Prop,Retail/Real Estate
Future Ent,Retail/Real Estate
Ashiana Housing,Retail/Real Estate
Omaxe,Retail/Real Estate
Aditya Birla F,Retail/Real Estate
Prestige Estate,Retail/Real Estate
Indiabulls Real,Retail/Real Estate
Marathon Realty,Retail/Real Estate
Future Retail,Retail/Real Estate
Oberoi Realty,Retail/Real Estate
Kewal Kiran,Retail/Real Estate
V-Mart Retail,Retail/Real Estate
TCI Developers,Retail/Real Estate
Sunteck Realty,Retail/Real Estate
Sobha,Retail/Real Estate
Shoppers Stop,Retail/Real Estate
DLF,Retail/Real Estate
Trent,Retail/Real Estate
PNC Infratech,Retail/Real Estate
Cantabil Retail,Retail/Real Estate
HUDCO,Retail/Real Estate
Puravankara,Retail/Real Estate
Phoenix Mills,Retail/Real Estate
Brigade Ent,Retail/Real Estate
Kolte-Patil,Retail/Real Estate
Nila Infra,Retail/Real Estate
Anant Raj,Retail/Real Estate
Macrotech Dev,Retail/Real Estate
Prajay Engineer,Retail/Real Estate
Future Life,Retail/Real Estate
Ansal Housing,Retail/Real Estate
TARC,Retail/Real Estate
Emami Realty,Retail/Real Estate
Vascon Engineer,Retail/Real Estate
Gati,Services
Arshiya,Services
JIK Industries,Services
Transport Corp,Services
Accuracy Shippi,Services
Reliance Naval,Services
Viceroy Hotels,Services
Essar Shipping,Services
Indraprastha,Services
Mercator,Services
PTC India,Services
Apollo Sindoori,Services
TGB Banquets,Services
Asian Hotel (W),Services
Snowman Logist,Services
Asian Hotel (E),Services
Patel Integrate,Services
Country Club,Services
Blue Dart,Services
Jindal Worldwid,Services
Kothari Petro,Services
Tribhovandas,Services
Allcargo,Services
Apollo Hospital,Services
Interglobe Avi,Services
SpiceJet,Services
Swan Energy,Services
Shipping Corp,Services
The Byke Hosp,Services
Indian Hotels,Services
GE Shipping,Services
Sicagen India,Services
Healthcare Glob,Services
Container Corp,Services
Narayana Hruda,Services
Advani Hotels,Services
Future Supply,Services
Silgo Retail,Services
Navkar Corp,Services
Sical Logistics,Services
EIH,Services
Lotus Eye Care,Services
Rajesh Exports,Services
Poly Medicure,Services
Lypsa Gems,Services
Ind Motor Parts,Services
Goldiam Inter,Services
Fortis Health,Services
PC Jeweller,Services
Metropolis,Services
Chalet Hotels,Services
EIH Assoc Hotel,Services
Agarwal Ind,Services
V2 Retail,Services
Jalan Transolut,Services
Shalby,Services
Adani Enterpris,Services
Seamec,Services
India Tourism D,Services
Thyrocare Techn,Services
Gujarat Pipavav,Services
Asian Hotels,Services
Opto Circuits,Services
Oriental Hotels,Services
Jet Airways,Services
Thangamayil,Services
Total Transport,Services
Goenka Diamond,Services
STC India,Services
Royal Orchid,Services
Westlife Dev,Services
Renaissance,Services
VRL Logistics,Services
Zodiac JRD-MKJ,Services
Taj GVK Hotels,Services
Uniphos Ent,Services
Mahindra Holida,Services
MMTC Ltd,Services
Control Print,Services
Kamat Hotels,Services
Shreyas Shippin,Services
Lemon Tree Hote,Services
Speciality Rest,Services
Reliance Comm,Telecom
GTL,Telecom
TataTeleservice,Telecom
GTL Infra,Telecom
Surana Telecom,Telecom
ITI,Telecom
Aksh Optifibre,Telecom
Tamil Telecom,Telecom
Tata Comm,Telecom
Olectra Greente,Telecom
CMI,Telecom
Honeywell Autom,Telecom
Bharti Airtel,Telecom
Sterlite Techno,Telecom
Tejas Networks,Telecom
Bhagyanagar Ind,Telecom
INDUS TOWERS,Telecom
Vindhya Telelin,Telecom
Accord Synergy,Telecom
MTNL,Telecom
NELCO,Telecom
Birla Cable,Telecom
HFCL,Telecom
Paramount Comm,Telecom
Vodafone Idea,Telecom
Finolex Cables,Telecom
ITC,Tobacco
VST,Tobacco
Kothari Product,Tobacco
Golden Tobacco,Tobacco
Rattan Power,Utilities
Energy Dev,Utilities
Indowind Energy,Utilities
Jaiprakash Pow,Utilities
Orient Green,Utilities
Tata Power,Utilities
Reliance Infra,Utilities
Reliance Power,Utilities
BF Utilities,Utilities
Power Grid Corp,Utilities
DPSC,Utilities
NTPC,Utilities
Torrent Power,Utilities
JSW Energy,Utilities
S E Power,Utilities
CESC,Utilities
Inox Wind,Utilities
Guj Ind Power,Utilities
SJVN,Utilities
NHPC,Utilities
NLC India,Utilities
Rattanindia Ent,Utilities
Schneider Infra,Utilities
